ISBN,국가
9788937460708,러시아
9788937462849,러시아
9788937462856,러시아
9788937464386,러시아
9788937486067,러시아
9788937486074,러시아
9788937462399,러시아
9788936464073,러시아
9791191280630,러시아
9788958560760,러시아
9788937464614,러시아
9788937460135,러시아
9788954620437,러시아
9788937429156,러시아
9788937437892,러시아
9788932909158,러시아
9788932909165,러시아
9788954651035,러시아
9788937463846,러시아
9788937463853,러시아
9788937463860,러시아
9788937443664,러시아
9788932923963,러시아
9788954683432,러시아
9791139710793,러시아
9788931024098,러시아
9788937464430,러시아
9788954683449,러시아
9788937443671,러시아
9788932923970,러시아
9788954683708,러시아
9788932923987,러시아
9788937460807,러시아
9788937462542,러시아
9788931023893,러시아
9788932923932,러시아
9791128865459,러시아
9788958560777,러시아
9788932909264,러시아
9788937461200,러시아
9788932909547,러시아
9788937462191,러시아
9788937464331,러시아
9788932924632,러시아
9788932924649,러시아
9788932924656,러시아
9788954620628,러시아
9788954671774,러시아
9788954649001,러시아
9788937463617,러시아
9788937460685,러시아
9791128892325,러시아
9788954671781,러시아
9788932403878,러시아
9788932910284,러시아
9788932403885,러시아
9788932403854,러시아
9788954616430,러시아
9788932912363,러시아
9788954655200,러시아
9791141600068,러시아
9788931023770,러시아
9788932909424,러시아
9788931023961,러시아
9791190669245,러시아
9788932912370,러시아
9791196554828,러시아
9788937462207,러시아
9791198375322,러시아
9788932909448,러시아
9788937462214,러시아
9788976046185,러시아
9791159030895,러시아
9788932909431,러시아
9788971848043,러시아
9788982030345,러시아
9788931024845,러시아
9791194381327,러시아
9788937463389,러시아
9788932909356,러시아
9788937460623,러시아
9788932920122,러시아
9788932920139,러시아
9788932911212,러시아
9788954699518,러시아
9788937463372,러시아
9788932920115,러시아
9788954613934,러시아
9788932911052,러시아
9788954699525,러시아
9788954699877,러시아
9788932909288,러시아
9788937463532,러시아
9788932911175,러시아
9788932909295,러시아
9788937464676,러시아
9788954614788,러시아
9791163721857,러시아
9788932911168,러시아
9791164459346,러시아
9788954609029,러시아
9791128859403,러시아
9788932912233,러시아
9788932909967,러시아
9788954650977,러시아
9788932911267,러시아
9791164459353,러시아
9788954640350,러시아
9788932405162,러시아
9788932404660,러시아
9791189413811,러시아
9788954642583,러시아
9788954685641,러시아
9788954642576,러시아
9788937462115,러시아
9791189271206,러시아
9788949706627,러시아
9788937464041,러시아
9788936464844,러시아
9788937461330,러시아
9791128859410,러시아
9791170360520,러시아
9788932912134,러시아
9788954698955,러시아
9788954650984,러시아
9788954694759,러시아
9788932404806,러시아
9788932912585,러시아
9788954609036,러시아
9788932912608,러시아
9791141609184,러시아
9791175241664,러시아
9788954648936,러시아
9788932403670,러시아
9788949717890,러시아
9788932404813,러시아
9788932403892,러시아
9788949718057,러시아
9791160261479,러시아
9788954650717,러시아
9791192004204,러시아
9788936464868,러시아
9788954609043,러시아
9788937461538,러시아
9788932405094,러시아
9791159038525,러시아
9788954646406,러시아
9788932912592,러시아
9788932911144,러시아
9791141601539,러시아
9791128892202,러시아
9788932912615,러시아
9788994796727,러시아
9788932911304,러시아
9788932909233,러시아
9788932923147,러시아
9788936464851,러시아
9788954650991,러시아
9788932911298,러시아
9788932909929,러시아
9788932018645,러시아
9791194381150,러시아
9788932405087,러시아
9788936464431,러시아
9788958561385,러시아
9788932909936,러시아
9788937463563,러시아
9791164459360,러시아
9791155921364,러시아
9788998003036,러시아
9788936464103,러시아
9788949704340,러시아
9788954641166,러시아
9788932911199,러시아
9788937461880,러시아
9791173572975,러시아
9791190885942,러시아
9788932912639,러시아
9788932912622,러시아
9788949707280,러시아
9788901105802,러시아
9788936464738,러시아
9788932404585,러시아
9788954610933,러시아
9791128832444,러시아
9791155921968,러시아
9788949707761,러시아
9791167090225,러시아
9788936464745,러시아
9788936464721,러시아
9791167900227,러시아
9791155922439,러시아
9791160270167,러시아
9791128826832,러시아
9788936473969,러시아
9791170360421,러시아
9788954616904,러시아
9788971847824,러시아
9791171174362,러시아
9788949716602,러시아
9788997870516,러시아
9788932404707,러시아
9788932473611,러시아
9788932019970,러시아
9788954694766,러시아
9788949708409,러시아
9788952242754,러시아
9791167371201,러시아
9791190408028,러시아
9788932909691,러시아
9788932043159,러시아
9791167900241,러시아
9788949708348,러시아
9788954620598,러시아
9788967440084,러시아
9788958561309,러시아
9791196916855,러시아
9791128853852,러시아
9788932404714,러시아
9788954613101,러시아
9791167371218,러시아
9788966803163,러시아
9788901094243,러시아
9791191114546,러시아
9791128827075,러시아
9788954608152,러시아
