ISBN,장르
9788901049847,판타지
9788901070605,판타지
9788901094243,역사
9788901104935,SF
9788901110813,SF
9788901125916,SF
9788901204956,판타지
9788901285498,SF
9788925106106,판타지
9788925106113,판타지
9788925106120,판타지
9788925107202,판타지
9788925107462,판타지
9788925107646,판타지
9788925128030,로맨스
9788925128047,로맨스
9788925295138,판타지
9788925540252,"추리, 미스터리"
9788925541617,판타지
9788925546964,판타지
9788925555195,"추리, 미스터리"
9788925555287,"추리, 미스터리"
9788925559018,"추리, 미스터리"
9788925559421,역사
9788925562964,역사
9788925563343,"추리, 미스터리"
9788925564692,역사
9788925564746,"추리, 미스터리"
9788925566009,"추리, 미스터리"
9788925568799,역사
9788925568805,역사
9788925568812,역사
9788925568829,역사
9788925568843,역사
9788925568850,역사
9788925568867,역사
9788925568881,역사
9788925568898,역사
9788925568966,"추리, 미스터리"
9788925569079,로맨스
9788925569086,로맨스
9788925569093,로맨스
9788925569130,"추리, 미스터리"
9788925569154,역사
9788925574561,"추리, 미스터리"
9788925575360,"추리, 미스터리"
9788925575537,"추리, 미스터리"
9788925576480,"추리, 미스터리"
9788925576633,"추리, 미스터리"
9788925577128,로맨스
9788925579306,"추리, 미스터리"
9788925579818,"추리, 미스터리"
9788925588469,역사
9788925588476,역사
9788925588483,역사
9788925588490,역사
9788925588506,역사
9788925588513,역사
9788925588520,역사
9788925588537,역사
9788925588568,역사
9788925588650,SF
9788925588711,SF
9788925588957,"추리, 미스터리"
9788925589664,역사
9788925589671,역사
9788925589688,역사
9788925589695,역사
9788925589701,역사
9788925589718,역사
9788925589725,역사
9788925589732,역사
9788925589749,역사
9788925591711,"추리, 미스터리"
9788925592770,"추리, 미스터리"
9788925716169,판타지
9788925721712,판타지
9788925849157,판타지
9788925849171,판타지
9788925861111,판타지
9788926702253,판타지
9788926702260,판타지
9788926702277,판타지
9788926702284,판타지
9788926702291,판타지
9788926704691,판타지
9788926706763,판타지
9788926706824,로맨스
9788926706879,로맨스
9788926706909,로맨스
9788926706947,로맨스
9788926709948,판타지
9788926712870,"추리, 미스터리"
9788926718209,로맨스
9788926718667,로맨스
9788926718728,로맨스
9788926720103,로맨스
9788926761922,로맨스
9788926761939,로맨스
9788926761946,로맨스
9788926762325,로맨스
9788926766095,"추리, 미스터리"
9788926770573,"추리, 미스터리"
9788926793633,"추리, 미스터리"
9788926793657,"추리, 미스터리"
9788926794234,"추리, 미스터리"
9788926795040,"추리, 미스터리"
9788928011926,로맨스
9788928033157,판타지
9788928033164,판타지
9788928033348,판타지
9788928033461,판타지
9788928055357,판타지
9788928055500,판타지
9788928055630,판타지
9788928055890,판타지
9788928056019,판타지
9788928056248,판타지
9788928056491,판타지
9788928057177,판타지
9788928057771,판타지
9788928058884,판타지
9788928058969,판타지
9788928059096,판타지
9788928059485,판타지
9788928059584,판타지
9788928061587,판타지
9788928062102,판타지
9788928063994,판타지
9788928064786,판타지
9788928075829,로맨스
9788928075836,로맨스
9788928075843,로맨스
9788928075850,로맨스
9788928403301,역사
9788929828295,로맨스
9788930006194,역사
9788930006200,역사
9788930006217,역사
9788931021059,역사
9788931023015,"공포, 스릴러"
9788931024630,"추리, 미스터리"
9788931024814,SF
9788932009636,역사
9788932009643,역사
9788932009650,역사
9788932009667,역사
9788932009674,역사
9788932009797,SF
9788932009803,SF
9788932011172,역사
9788932015811,역사
9788932017457,역사
9788932017464,역사
9788932036014,SF
9788932037714,SF
9788932041315,"추리, 미스터리"
9788932041513,SF
9788932041957,SF
9788932042039,SF
9788932043388,SF
9788932322452,SF
9788932322780,판타지
9788932323244,판타지
9788932323268,판타지
9788932323275,판타지
9788932323282,판타지
9788932906744,"추리, 미스터리"
9788932906751,"추리, 미스터리"
9788932906768,"추리, 미스터리"
9788932907161,"추리, 미스터리"
9788932907178,"추리, 미스터리"
9788932907185,"추리, 미스터리"
9788932909554,"추리, 미스터리"
9788932909691,SF
9788932909806,"추리, 미스터리"
9788932911151,"추리, 미스터리"
9788932911472,SF
9788932912523,"추리, 미스터리"
9788932912677,"추리, 미스터리"
9788932912684,"추리, 미스터리"
9788932912691,"추리, 미스터리"
9788932912721,"추리, 미스터리"
9788932915036,"추리, 미스터리"
9788932915067,"추리, 미스터리"
9788932915173,"추리, 미스터리"
9788932915203,"추리, 미스터리"
9788932917542,"공포, 스릴러"
9788932919126,SF
9788932919133,SF
9788932919188,"추리, 미스터리"
9788932919676,SF
9788932919683,SF
9788932920337,"SF, 판타지"
9788932920344,"SF, 판타지"
9788932920405,SF
9788932921037,SF
9788932921044,SF
9788932922362,SF
9788932922379,SF
9788932923031,SF
9788932923048,SF
9788932923055,SF
9788932923062,SF
9788932923215,SF
9788932923413,SF
9788932923420,SF
9788932923475,"추리, 미스터리"
9788932923864,SF
9788932924038,SF
9788932924458,"추리, 미스터리"
9788933801536,역사
9788933830574,판타지
9788933870754,판타지
9788933871645,"추리, 미스터리"
9788933871720,"추리, 미스터리"
9788933871782,"추리, 미스터리"
9788934913672,판타지
9788934927167,판타지
9788934938194,판타지
9788934946397,SF
9788934967316,판타지
9788934967323,판타지
9788934967330,판타지
9788934967347,판타지
9788934967354,판타지
9788934967361,판타지
9788934967378,판타지
9788934967385,판타지
9788934967392,판타지
9788934967408,판타지
9788934967415,판타지
9788934967422,판타지
9788934967439,판타지
9788934967446,판타지
9788934967453,판타지
9788934967460,판타지
9788934967477,판타지
9788934967484,판타지
9788934967491,판타지
9788934967507,판타지
9788934967583,판타지
9788934967590,판타지
9788934967729,역사
9788934967804,판타지
9788934967811,판타지
9788934973522,"추리, 미스터리"
9788934974253,SF
9788934974260,SF
9788934974499,"추리, 미스터리"
9788934975151,"추리, 미스터리"
9788934979357,"공포, 스릴러"
9788934979708,"추리, 미스터리"
9788934980186,"추리, 미스터리"
9788934980216,"추리, 미스터리"
9788934980292,"공포, 스릴러, 추리, 미스터리"
9788934980407,SF
9788934981299,SF
9788934981749,"추리, 미스터리"
9788934982968,"추리, 미스터리"
9788934984535,"추리, 미스터리"
9788934984566,"추리, 미스터리"
9788934986867,"추리, 미스터리"
9788934992301,"추리, 미스터리"
9788934993216,"추리, 미스터리"
9788934993223,"추리, 미스터리"
9788934995289,"추리, 미스터리"
9788934996699,"추리, 미스터리"
9788934998952,"추리, 미스터리"
9788935505609,"추리, 미스터리"
9788935610280,역사
9788935651115,역사
9788935651122,역사
9788935651139,역사
9788935915316,SF
9788936430542,역사
9788936430559,역사
9788936430566,역사
9788936430573,역사
9788936430580,역사
9788936430597,역사
9788936430641,역사
9788936430658,역사
9788936430665,역사
9788936430672,역사
9788936430689,역사
9788936430696,역사
9788936430702,역사
9788936430719,역사
9788936431556,판타지
9788936432904,역사
9788936432911,역사
9788936434212,역사
9788936434229,역사
9788936439194,역사
9788936439200,역사
9788936439217,역사
9788936439224,역사
9788936439231,SF
9788936439255,역사
9788936439262,역사
9788936439699,SF
9788936464189,SF
9788937428210,판타지
9788937428227,판타지
9788937441455,역사
9788937441479,역사
9788937442025,역사
9788937442032,역사
9788937442049,역사
9788937442056,역사
9788937442124,역사
9788937442131,역사
9788937444708,SF
9788937444715,SF
9788937444722,SF
9788937461286,역사
9788937461293,역사
9788937461880,역사
9788937462511,역사
9788937462528,역사
9788937483233,판타지
9788937832208,"공포, 스릴러, 판타지"
9788937832215,"공포, 스릴러, 판타지"
9788937832468,판타지
9788937832543,판타지
9788938201010,"공포, 스릴러, 추리, 미스터리"
9788938201096,"추리, 미스터리"
9788938202017,"추리, 미스터리"
9788938202055,"추리, 미스터리"
9788938202086,"추리, 미스터리"
9788938202123,"추리, 미스터리"
9788938202130,"추리, 미스터리"
9788938202147,"추리, 미스터리"
9788938202291,"추리, 미스터리"
9788938202437,"추리, 미스터리"
9788938202444,"추리, 미스터리"
9788938202451,"추리, 미스터리"
9788938202925,"추리, 미스터리"
9788938203144,"추리, 미스터리"
9788938203632,"추리, 미스터리"
9788938203830,"추리, 미스터리"
9788946420366,SF
9788946420373,SF
9788946421684,"추리, 미스터리"
9788947547093,"추리, 미스터리"
9788947548007,"추리, 미스터리"
9788947548335,"추리, 미스터리"
9788947548601,SF
9788947549578,로맨스
9788949170923,판타지
9788949171005,판타지
9788949700823,"추리, 미스터리"
9788949701189,"추리, 미스터리"
9788949701301,"추리, 미스터리"
9788949701417,"추리, 미스터리"
9788949701486,"추리, 미스터리"
9788949701509,"추리, 미스터리"
9788949701622,"추리, 미스터리"
9788949701714,"추리, 미스터리"
9788949701776,"추리, 미스터리"
9788949701813,"추리, 미스터리"
9788949701851,"추리, 미스터리"
9788949701899,"추리, 미스터리"
9788949701912,"추리, 미스터리"
9788949702124,"추리, 미스터리"
9788949702315,"추리, 미스터리"
9788949702384,"추리, 미스터리"
9788949702445,"추리, 미스터리"
9788949702896,"추리, 미스터리"
9788949703480,역사
9788949703497,역사
9788949704418,판타지
9788949707143,역사
9788949707150,역사
9788949707167,역사
9788950922382,판타지
9788950923785,역사
9788950923792,역사
9788950923808,역사
9788950923815,역사
9788950923822,역사
9788950923839,역사
9788950927301,역사
9788950927318,역사
9788950928261,역사
9788950936198,역사
9788950936259,역사
9788950969370,판타지
9788950975616,"추리, 미스터리"
9788950975623,"추리, 미스터리"
9788950975630,"추리, 미스터리"
9788950975647,"추리, 미스터리"
9788950975654,"추리, 미스터리"
9788950975661,"추리, 미스터리"
9788950975678,"추리, 미스터리"
9788950975685,"추리, 미스터리"
9788950975692,"추리, 미스터리"
9788950975708,"추리, 미스터리"
9788950977795,"공포, 스릴러"
9788950979492,로맨스
9788950979508,로맨스
9788950984526,SF
9788950985424,판타지
9788950989507,"공포, 스릴러, 추리, 미스터리"
9788950992460,판타지
9788950992477,판타지
9788950992484,판타지
9788950992521,판타지
9788950993023,SF
9788950993283,판타지
9788950995454,"추리, 미스터리"
9788950995461,"추리, 미스터리"
9788950999926,판타지
9788950999940,판타지
9788950999957,판타지
9788952241597,로맨스
9788952242648,로맨스
9788952243393,"추리, 미스터리"
9788952243966,"추리, 미스터리"
9788952736253,"공포, 스릴러"
9788952736352,"추리, 미스터리"
9788952750617,"추리, 미스터리"
9788952753052,"추리, 미스터리"
9788952758507,"추리, 미스터리"
9788952758514,"추리, 미스터리"
9788952759955,"추리, 미스터리"
9788952762092,"추리, 미스터리"
9788952768704,"추리, 미스터리"
9788952768711,"추리, 미스터리"
9788952770523,SF
9788952771346,"추리, 미스터리"
9788952771827,SF
9788952771834,SF
9788952771865,SF
9788952774538,로맨스
9788952774545,로맨스
9788952775184,"공포, 스릴러, 추리, 미스터리"
9788952775313,역사
9788952775498,"추리, 미스터리"
9788952776044,"공포, 스릴러"
9788952776402,"추리, 미스터리"
9788952777881,"추리, 미스터리"
9788952778093,역사
9788952779618,"추리, 미스터리"
9788952779670,"추리, 미스터리"
9788952789020,판타지
9788952790712,"공포, 스릴러"
9788952794499,역사
9788952795649,판타지
9788954235709,판타지
9788954244824,판타지
9788954244831,판타지
9788954244848,판타지
9788954244855,판타지
9788954244862,판타지
9788954435628,판타지
9788954435635,판타지
9788954435642,판타지
9788954435659,판타지
9788954435697,판타지
9788954438582,"추리, 미스터리"
9788954442145,"추리, 미스터리"
9788954442688,SF
9788954449298,"추리, 미스터리"
9788954450195,"추리, 미스터리"
9788954451406,"추리, 미스터리"
9788954452434,SF
9788954606011,"추리, 미스터리"
9788954607711,"공포, 스릴러"
9788954610186,역사
9788954611343,"추리, 미스터리"
9788954611893,역사
9788954612838,역사
9788954612845,역사
9788954612852,역사
9788954614566,"역사, 판타지"
9788954617246,역사
9788954617253,역사
9788954617437,"추리, 미스터리"
9788954617710,"추리, 미스터리"
9788954617727,"추리, 미스터리"
9788954617734,"추리, 미스터리"
9788954617772,"추리, 미스터리"
9788954618526,"추리, 미스터리"
9788954621250,"추리, 미스터리"
9788954621267,"추리, 미스터리"
9788954621472,"추리, 미스터리"
9788954621731,"추리, 미스터리"
9788954621748,"추리, 미스터리"
9788954621946,"추리, 미스터리"
9788954622455,"추리, 미스터리"
9788954623810,"추리, 미스터리"
9788954626026,"추리, 미스터리"
9788954626262,"추리, 미스터리"
9788954634274,"추리, 미스터리"
9788954636735,"추리, 미스터리"
9788954636971,"추리, 미스터리"
9788954637589,판타지
9788954637718,"추리, 미스터리"
9788954637725,"추리, 미스터리"
9788954637732,"추리, 미스터리"
9788954639606,"추리, 미스터리"
9788954640268,"추리, 미스터리"
9788954640299,"추리, 미스터리"
9788954643061,"추리, 미스터리"
9788954648370,"추리, 미스터리"
9788954648387,"추리, 미스터리"
9788954651059,"공포, 스릴러"
9788954652759,"추리, 미스터리"
9788954653268,"추리, 미스터리"
9788954653558,판타지
9788954654715,"추리, 미스터리"
9788954655347,"추리, 미스터리"
9788954655354,"추리, 미스터리"
9788954656054,역사
9788954656177,"추리, 미스터리"
9788954656221,판타지
9788954656238,판타지
9788954656542,판타지
9788954656559,판타지
9788954656566,판타지
9788954656573,판타지
9788954656580,판타지
9788954656597,판타지
9788954657556,판타지
9788954658164,"공포, 스릴러, 추리, 미스터리"
9788954658690,"추리, 미스터리"
9788954671873,판타지
9788954671897,판타지
9788954671903,판타지
9788954671910,판타지
9788954671934,판타지
9788954671972,판타지
9788954674621,판타지
9788954676342,"추리, 미스터리"
9788954678148,"추리, 미스터리"
9788954678766,판타지
9788954679336,"추리, 미스터리"
9788954682367,"추리, 미스터리"
9788954684651,"추리, 미스터리"
9788954686259,"추리, 미스터리"
9788954686662,판타지
9788954688536,"추리, 미스터리"
9788954688963,SF
9788954688970,SF
9788954691567,"추리, 미스터리"
9788954691802,판타지
9788954693271,역사
9788954693288,역사
9788954694063,SF
9788954694148,SF
9788954694407,"추리, 미스터리"
9788954695015,"추리, 미스터리"
9788954695022,"추리, 미스터리"
9788954695688,"추리, 미스터리"
9788954696272,"추리, 미스터리"
9788954697798,"추리, 미스터리"
9788954698481,"추리, 미스터리"
9788954698900,판타지
9788954699105,판타지
9788955139334,로맨스
9788955889604,SF
9788956051147,"추리, 미스터리"
9788956057842,SF
9788956250908,역사
9788956250915,역사
9788956251622,역사
9788956252209,역사
9788956266657,역사
9788956266664,역사
9788956266671,역사
9788956266688,역사
9788956266695,역사
9788956266701,역사
9788956266718,역사
9788956266725,역사
9788956266732,역사
9788956600086,역사
9788956600673,역사
9788956601571,판타지
9788956601731,판타지
9788956602158,"공포, 스릴러"
9788956607740,판타지
9788956608990,판타지
9788956609003,판타지
9788956609263,역사
9788956609270,역사
9788957079263,판타지
9788958316336,로맨스
9788958323440,"추리, 미스터리"
9788958773061,역사
9788958773078,역사
9788959401116,역사
9788959401215,역사
9788959401222,역사
9788959522057,판타지
9788959522361,판타지
9788959522392,판타지
9788959522439,판타지
9788959522576,SF
9788959522590,판타지
9788959522699,판타지
9788959522774,"SF, 판타지"
9788959522798,"SF, 판타지"
9788959522965,판타지
9788959523092,판타지
9788959523146,판타지
9788959523153,판타지
9788959523269,"SF, 판타지"
9788959523344,판타지
9788959524082,판타지
9788959524099,판타지
9788959524105,판타지
9788959524112,판타지
9788959524129,판타지
9788959524136,판타지
9788959524143,판타지
9788959524150,판타지
9788959524846,판타지
9788959525126,판타지
9788959525317,판타지
9788959525508,판타지
9788959525713,"SF, 판타지"
9788959525898,"SF, 판타지"
9788959526116,판타지
9788959526123,판타지
9788959526130,판타지
9788959526147,판타지
9788959526154,판타지
9788959526161,판타지
9788959526178,판타지
9788959526185,판타지
9788959526192,판타지
9788959526208,판타지
9788959526215,판타지
9788959526222,판타지
9788959526345,판타지
9788959526437,판타지
9788959526536,판타지
9788959527243,로맨스
9788959527311,판타지
9788959527328,판타지
9788959527748,로맨스
9788959528158,로맨스
9788959528172,판타지
9788959528189,판타지
9788959528264,로맨스
9788959528820,판타지
9788959529216,판타지
9788959529575,판타지
9788959529858,판타지
9788959754281,"추리, 미스터리"
9788959759590,"추리, 미스터리"
9788959794270,SF
9788959944163,"추리, 미스터리"
9788960170612,SF
9788960171084,"추리, 미스터리"
9788960171091,"추리, 미스터리"
9788960171190,"추리, 미스터리"
9788960171374,"SF, 공포, 스릴러, 추리, 미스터리"
9788960171749,"추리, 미스터리"
9788960171930,"추리, 미스터리"
9788960172012,"추리, 미스터리"
9788960172067,"공포, 스릴러"
9788960172494,SF
9788960172586,판타지
9788960172593,판타지
9788960172609,판타지
9788960172616,판타지
9788960172623,판타지
9788960172630,판타지
9788960172654,판타지
9788960172661,판타지
9788960172708,판타지
9788960172890,판타지
9788960174191,"SF, 공포, 스릴러, 추리, 미스터리"
9788960174573,판타지
9788960174634,SF
9788960174641,SF
9788960175501,"SF, 판타지"
9788960175549,"공포, 스릴러, 추리, 미스터리"
9788960175563,"추리, 미스터리"
9788960176751,"추리, 미스터리"
9788960177567,SF
9788960177574,SF
9788960177581,SF
9788960177598,SF
9788960177604,SF
9788960177611,SF
9788960177628,SF
9788960177635,SF
9788960177758,"추리, 미스터리"
9788960177765,"추리, 미스터리"
9788960177772,"추리, 미스터리"
9788960177789,"추리, 미스터리"
9788960177796,"추리, 미스터리"
9788960177802,"추리, 미스터리"
9788960177819,"추리, 미스터리"
9788960177826,"추리, 미스터리"
9788960177833,"추리, 미스터리"
9788960177840,"추리, 미스터리"
9788960178359,SF
9788960178687,"추리, 미스터리"
9788960178694,"추리, 미스터리"
9788960178809,"추리, 미스터리"
9788960179547,"추리, 미스터리"
9788960179561,"추리, 미스터리"
9788960179981,"추리, 미스터리"
9788960239517,역사
9788960526891,역사
9788960776654,"SF, 판타지"
9788960907997,SF
9788960980143,"추리, 미스터리"
9788960987593,"추리, 미스터리"
9788961222020,판타지
9788961673099,SF
9788963014005,역사
9788963120416,역사
9788963120423,역사
9788963124674,역사
9788963195032,판타지
9788963598147,역사
9788963710020,"로맨스, 역사"
9788963710037,"로맨스, 역사"
9788963710730,로맨스
9788963710815,"역사, 추리, 미스터리"
9788963711812,로맨스
9788963715124,"추리, 미스터리"
9788963715308,로맨스
9788963715315,로맨스
9788963715322,로맨스
9788963716442,로맨스
9788963716664,로맨스
9788963716671,로맨스
9788963716688,로맨스
9788963716695,로맨스
9788963717555,SF
9788963717562,SF
9788963717579,SF
9788963717586,SF
9788963719184,로맨스
9788963719368,로맨스
9788964071472,판타지
9788964077696,판타지
9788964291412,SF
9788965114116,"추리, 미스터리"
9788965457183,판타지
9788965740315,SF
9788965740322,SF
9788965740797,SF
9788965741046,SF
9788965743767,역사
9788965743910,역사
9788965743927,역사
9788965743934,역사
9788965743941,역사
9788965743958,역사
9788965743965,역사
9788965743972,역사
9788965743989,역사
9788965743996,역사
9788965744009,역사
9788965744665,역사
9788965745693,"로맨스, 역사"
9788965965084,판타지
9788966214426,로맨스
9788966398942,로맨스
9788966399338,로맨스
9788967355821,SF
9788967358570,SF
9788967359683,SF
9788967451622,SF
9788967753740,로맨스
9788967995874,"추리, 미스터리"
9788967996666,판타지
9788967998554,"추리, 미스터리"
9788967998646,"추리, 미스터리"
9788968850332,로맨스
9788968850349,로맨스
9788968970566,로맨스
9788968970856,로맨스
9788968970863,로맨스
9788970129037,판타지
9788970134796,SF
9788970134802,SF
9788970134819,SF
9788970134918,SF
9788970134925,SF
9788970135472,SF
9788970137476,SF
9788970750019,SF
9788970750026,SF
9788970759173,역사
9788971848722,"공포, 스릴러"
9788971968543,역사
9788971994719,"추리, 미스터리"
9788972438199,SF
9788972655701,"추리, 미스터리"
9788972655770,"추리, 미스터리"
9788972750000,"추리, 미스터리"
9788972750024,"추리, 미스터리"
9788972750031,"추리, 미스터리"
9788972750048,"추리, 미스터리"
9788972750055,"추리, 미스터리"
9788972750062,"추리, 미스터리"
9788972750086,"추리, 미스터리"
9788972750093,"추리, 미스터리"
9788972751496,"추리, 미스터리"
9788972751502,"추리, 미스터리"
9788972751694,"SF, 판타지"
9788972755913,"추리, 미스터리"
9788972756125,"추리, 미스터리"
9788972757467,"추리, 미스터리"
9788972757528,"추리, 미스터리"
9788972757573,"추리, 미스터리"
9788972758990,"추리, 미스터리"
9788972759546,"추리, 미스터리"
9788972759713,"추리, 미스터리"
9788972773795,"추리, 미스터리"
9788972773832,"추리, 미스터리"
9788972883548,SF
9788972914037,역사
9788972914044,역사
9788973818433,판타지
9788973818501,판타지
9788973818655,판타지
9788973818754,판타지
9788973819041,판타지
9788973819577,판타지
9788973819584,판타지
9788974161910,역사
9788974161927,역사
9788974161934,역사
9788974161941,역사
9788974161958,역사
9788974161965,역사
9788974161972,역사
9788974161989,역사
9788974161996,역사
9788974162009,역사
9788975270062,"공포, 스릴러"
9788975271779,판타지
9788975275753,SF
9788976041470,"공포, 스릴러, 추리, 미스터리"
9788976041487,"추리, 미스터리"
9788976042095,역사
9788978911269,로맨스
9788980402007,역사
9788980971909,역사
9788981336486,역사
9788981336530,역사
9788981336547,역사
9788981336554,역사
9788981336561,역사
9788981336578,역사
9788982731082,"추리, 미스터리"
9788982731914,판타지
9788982731938,판타지
9788982731945,판타지
9788982734007,"추리, 미스터리"
9788982734014,"공포, 스릴러, 추리, 미스터리"
9788982734038,"추리, 미스터리"
9788982734045,"추리, 미스터리"
9788982734052,"추리, 미스터리"
9788982735622,"SF, 판타지"
9788982735738,판타지
9788982735745,판타지
9788982735752,판타지
9788982735769,판타지
9788982735776,판타지
9788982737015,"추리, 미스터리"
9788982737060,"추리, 미스터리"
9788982737091,"추리, 미스터리"
9788982737107,"추리, 미스터리"
9788982737183,"추리, 미스터리"
9788982737206,"추리, 미스터리"
9788982737268,"추리, 미스터리"
9788982737282,"추리, 미스터리"
9788982737329,"추리, 미스터리"
9788982737336,"추리, 미스터리"
9788982737350,"추리, 미스터리"
9788982737381,"추리, 미스터리"
9788982737398,"추리, 미스터리"
9788982737459,"추리, 미스터리"
9788982737466,"추리, 미스터리"
9788982737480,"추리, 미스터리"
9788982737503,"추리, 미스터리"
9788982737510,"추리, 미스터리"
9788982737534,"추리, 미스터리"
9788982737565,"추리, 미스터리"
9788982737572,"추리, 미스터리"
9788982737619,"추리, 미스터리"
9788982737657,"추리, 미스터리"
9788982737664,"추리, 미스터리"
9788982737695,"추리, 미스터리"
9788982737732,"추리, 미스터리"
9788982737749,"추리, 미스터리"
9788982737756,"추리, 미스터리"
9788982737763,"추리, 미스터리"
9788982738029,"추리, 미스터리"
9788982738036,"추리, 미스터리"
9788982738050,"추리, 미스터리"
9788982738074,"추리, 미스터리"
9788982738081,"추리, 미스터리"
9788982738111,"추리, 미스터리"
9788982738128,"추리, 미스터리"
9788982738326,"공포, 스릴러, 추리, 미스터리"
9788982738562,"추리, 미스터리"
9788982738852,SF
9788982738975,SF
9788982739019,SF
9788982739026,SF
9788982739033,SF
9788982739040,SF
9788982739071,판타지
9788982739088,SF
9788982739316,판타지
9788982739323,판타지
9788982739330,판타지
9788982739347,판타지
9788982739354,판타지
9788982739378,판타지
9788982739385,판타지
9788982739392,판타지
9788982739859,"추리, 미스터리"
9788982739927,"추리, 미스터리"
9788982739934,"추리, 미스터리"
9788982810312,역사
9788982810329,역사
9788982810503,역사
9788982810510,역사
9788982810527,역사
9788983085535,"추리, 미스터리"
9788983710918,SF
9788983710925,SF
9788983920355,판타지
9788983921956,판타지
9788983922335,판타지
9788983922472,판타지
9788983923042,"공포, 스릴러, 추리, 미스터리"
9788983923059,"공포, 스릴러, 추리, 미스터리"
9788983923387,"추리, 미스터리"
9788983923394,"추리, 미스터리"
9788983923684,"추리, 미스터리"
9788983923691,"추리, 미스터리"
9788983924469,"공포, 스릴러"
9788983924490,SF
9788983924988,"추리, 미스터리"
9788983924995,"추리, 미스터리"
9788983925008,"공포, 스릴러, 추리, 미스터리"
9788983925015,"공포, 스릴러, 추리, 미스터리"
9788983925237,판타지
9788983926562,판타지
9788983927392,판타지
9788983927804,판타지
9788983927811,판타지
9788983927828,판타지
9788983927866,판타지
9788983928191,판타지
9788983928207,판타지
9788983928290,판타지
9788983928306,"추리, 미스터리"
9788983928450,판타지
9788983928467,판타지
9788983929020,판타지
9788983929037,판타지
9788983929044,판타지
9788983929051,판타지
9788983929068,판타지
9788983929075,판타지
9788983929082,판타지
9788983929099,판타지
9788983929204,판타지
9788983929211,판타지
9788983929389,판타지
9788983929396,판타지
9788983929402,판타지
9788983929419,판타지
9788983929525,판타지
9788983929532,판타지
9788983929549,판타지
9788983929556,판타지
9788983929563,판타지
9788983929679,판타지
9788983929686,판타지
9788983929693,판타지
9788983929709,판타지
9788983929815,판타지
9788983929846,판타지
9788983929853,판타지
9788983929860,판타지
9788983929877,판타지
9788984374331,"추리, 미스터리"
9788984374386,"추리, 미스터리"
9788984374607,"추리, 미스터리"
9788984374690,"추리, 미스터리"
9788984374942,"공포, 스릴러"
9788984374973,"공포, 스릴러"
9788984776692,역사
9788985730648,역사
9788986836219,역사
9788986836929,"추리, 미스터리"
9788988996553,역사
9788988996577,역사
9788989722809,"추리, 미스터리"
9788990785909,"추리, 미스터리"
9788990805539,역사
9788990982278,"추리, 미스터리"
9788990982377,"추리, 미스터리"
9788990982391,"추리, 미스터리"
9788990982469,"추리, 미스터리"
9788990982476,"추리, 미스터리"
9788990982537,SF
9788990982544,"추리, 미스터리"
9788990982568,SF
9788990982575,"추리, 미스터리"
9788990982704,"추리, 미스터리"
9788990982780,"추리, 미스터리"
9788990982865,"추리, 미스터리"
9788990982872,"추리, 미스터리"
9788990982940,"추리, 미스터리"
9788991813403,SF
9788991931510,"추리, 미스터리"
9788991931572,판타지
9788991931756,"추리, 미스터리"
9788991931763,"추리, 미스터리"
9788991931855,역사
9788991931862,"추리, 미스터리"
9788991931992,"추리, 미스터리"
9788992036962,"공포, 스릴러"
9788992133067,판타지
9788992133074,판타지
9788992133081,판타지
9788992133098,판타지
9788992133104,판타지
9788992133111,판타지
9788992133128,판타지
9788992133135,판타지
9788992133142,판타지
9788992133159,판타지
9788992133166,판타지
9788992133173,판타지
9788992133180,판타지
9788992133197,판타지
9788992133203,판타지
9788992133210,판타지
9788992133227,판타지
9788992133234,판타지
9788992133241,판타지
9788992133258,판타지
9788993094350,SF
9788993094367,SF
9788993094381,SF
9788993094398,SF
9788993094404,SF
9788993094428,SF
9788993094435,SF
9788993094442,SF
9788993094558,"공포, 스릴러"
9788993094688,SF
9788993094770,"공포, 스릴러"
9788993094800,SF
9788993094916,"공포, 스릴러"
9788993094992,SF
9788993418026,역사
9788993607017,역사
9788993607024,역사
9788993607031,역사
9788993607048,역사
9788993607055,역사
9788993607062,역사
9788993607079,역사
9788993607086,역사
9788993607093,역사
9788993607109,역사
9788993876291,역사
9788993964707,역사
9788994079981,역사
9788994210612,SF
9788994300122,역사
9788994300146,로맨스
9788994300504,로맨스
9788994300511,로맨스
9788994343082,"추리, 미스터리"
9788994343457,"공포, 스릴러, 추리, 미스터리"
9788994343587,"추리, 미스터리"
9788994343723,"추리, 미스터리"
9788994343747,"추리, 미스터리"
9788994343884,역사
9788994343990,"추리, 미스터리"
9788994475684,SF
9788994635149,역사
9788995529737,"SF, 판타지"
9788995529744,"SF, 판타지"
9788996002031,역사
9788996472025,역사
9788997508501,역사
9788997751440,역사
9788998045401,"추리, 미스터리"
9788998274412,"추리, 미스터리"
9788998274931,"공포, 스릴러"
9788998666811,역사
9788998791070,"추리, 미스터리"
9788998791384,"추리, 미스터리"
9788998791438,역사
9788998791445,"추리, 미스터리"
9788998791650,"추리, 미스터리"
9788998791865,"추리, 미스터리"
9788998791971,"추리, 미스터리"
9788999203787,판타지
9791101792741,로맨스
9791103326876,판타지
9791103326883,판타지
9791103326890,판타지
9791103326906,판타지
9791103330422,판타지
9791103330453,판타지
9791103332907,판타지
9791103332914,판타지
9791103332921,판타지
9791103332938,판타지
9791103899370,판타지
9791103899387,판타지
9791103899394,판타지
9791103899400,판타지
9791104907487,판타지
9791104908026,판타지
9791104908323,판타지
9791104908774,판타지
9791104909214,판타지
9791104909498,판타지
9791104909870,판타지
9791104910371,판타지
9791104910807,판타지
9791104911309,판타지
9791104911507,로맨스
9791104912078,판타지
9791104912641,판타지
9791104912825,판타지
9791104913853,판타지
9791104914386,판타지
9791104924149,판타지
9791104924378,로맨스
9791104924392,로맨스
9791104925009,판타지
9791104925016,판타지
9791104925030,판타지
9791104925054,판타지
9791104925078,판타지
9791104925122,판타지
9791104925139,판타지
9791104925153,판타지
9791104925160,판타지
9791104925177,판타지
9791104925184,판타지
9791104925214,판타지
9791104925221,판타지
9791104925238,판타지
9791104925245,판타지
9791104925252,판타지
9791104925269,판타지
9791104925283,판타지
9791104925313,판타지
9791104925344,판타지
9791126431489,"로맨스, 판타지"
9791126433889,"로맨스, 판타지"
9791126436637,"로맨스, 판타지"
9791126440320,"로맨스, 판타지"
9791126441273,판타지
9791126441280,로맨스
9791126441792,로맨스
9791126441808,로맨스
9791126451456,"로맨스, 판타지"
9791126451500,판타지
9791126452217,로맨스
9791126452224,로맨스
9791126452231,로맨스
9791126452248,로맨스
9791126452255,로맨스
9791126469840,로맨스
9791126469857,로맨스
9791126469864,로맨스
9791126469871,로맨스
9791126469888,로맨스
9791127232566,판타지
9791127234577,SF
9791127239244,"추리, 미스터리"
9791127239435,"추리, 미스터리"
9791127241346,SF
9791127288112,판타지
9791127295165,"추리, 미스터리"
9791127453176,판타지
9791127460808,역사
9791127462338,역사
9791127462345,역사
9791127462352,역사
9791127468484,역사
9791127488246,판타지
9791127844745,로맨스
9791127851446,판타지
9791127852122,판타지
9791128371035,판타지
9791128371752,판타지
9791128371769,판타지
9791128371776,판타지
9791128371783,판타지
9791128371790,판타지
9791128390272,판타지
9791128392771,판타지
9791128392788,판타지
9791128394645,판타지
9791128394652,판타지
9791128395260,로맨스
9791128397486,로맨스
9791128397493,로맨스
9791128397509,로맨스
9791128397516,로맨스
9791128397523,로맨스
9791128399169,판타지
9791129307118,로맨스
9791129307125,로맨스
9791129307132,로맨스
9791129316646,로맨스
9791129316653,로맨스
9791129316660,로맨스
9791129365989,로맨스
9791129365996,로맨스
9791129366009,로맨스
9791129366016,로맨스
9791129409805,판타지
9791129463548,로맨스
9791129463555,로맨스
9791130606248,역사
9791130606392,역사
9791130608945,"추리, 미스터리"
9791130620862,로맨스
9791130620879,로맨스
9791130629032,"추리, 미스터리"
9791130630793,판타지
9791130630809,판타지
9791130630830,판타지
9791130630847,판타지
9791130637099,"추리, 미스터리"
9791130640266,SF
9791130644691,"공포, 스릴러"
9791130648422,판타지
9791130651606,로맨스
9791130651651,"로맨스, 판타지"
9791130651682,판타지
9791130651873,판타지
9791130651910,"로맨스, 판타지"
9791130651934,"로맨스, 판타지"
9791130651941,"로맨스, 판타지"
9791130653495,SF
9791130655765,로맨스
9791130655840,"공포, 스릴러, 추리, 미스터리, 판타지"
9791130659350,판타지
9791130660929,"추리, 미스터리"
9791130661322,"SF, 로맨스, 판타지"
9791130661339,"SF, 로맨스, 판타지"
9791130662954,SF
9791130664927,"공포, 스릴러, 로맨스, 추리, 미스터리"
9791130665429,"역사, 판타지"
9791130666037,로맨스
9791130666044,로맨스
9791130666143,판타지
9791130679402,SF
9791130691053,SF
9791130692739,"추리, 미스터리"
9791130699769,판타지
9791131263648,판타지
9791131264256,판타지
9791131265413,판타지
9791131266960,판타지
9791131269886,판타지
9791131270509,판타지
9791131271858,판타지
9791131301630,판타지
9791131304518,판타지
9791131304525,판타지
9791131306550,판타지
9791131534502,로맨스
9791131536261,로맨스
9791131536353,로맨스
9791131536681,로맨스
9791131566855,로맨스
9791131569016,로맨스
9791131571101,로맨스
9791131576052,로맨스
9791131584064,로맨스
9791131590966,로맨스
9791131590973,로맨스
9791131594261,로맨스
9791131594278,로맨스
9791131598368,로맨스
9791131598375,로맨스
9791131907863,판타지
9791135458460,로맨스
9791135476266,판타지
9791135476280,판타지
9791135476297,판타지
9791136216182,"추리, 미스터리"
9791136231543,"SF, 추리, 미스터리"
9791136235862,판타지
9791136264473,"추리, 미스터리"
9791136278630,"추리, 미스터리"
9791136298683,판타지
9791136298690,판타지
9791136298706,판타지
9791136298713,판타지
9791136298737,판타지
9791136298744,판타지
9791136298751,판타지
9791136401212,판타지
9791136401229,판타지
9791136401236,판타지
9791136401243,판타지
9791136401250,판타지
9791136401267,판타지
9791136401274,판타지
9791136401281,판타지
9791136416957,로맨스
9791136453501,판타지
9791136453860,판타지
9791136454164,판타지
9791136454737,판타지
9791136501660,판타지
9791136505071,판타지
9791136558596,로맨스
9791136574718,로맨스
9791136758262,"공포, 스릴러, 추리, 미스터리"
9791136758279,"공포, 스릴러, 추리, 미스터리"
9791136758286,"공포, 스릴러, 추리, 미스터리"
9791136758323,"공포, 스릴러, 추리, 미스터리"
9791136758354,"공포, 스릴러, 추리, 미스터리"
9791136758361,"공포, 스릴러, 추리, 미스터리"
9791136758378,"공포, 스릴러, 추리, 미스터리"
9791136758385,"공포, 스릴러, 추리, 미스터리"
9791136758392,"공포, 스릴러, 추리, 미스터리"
9791136758446,"공포, 스릴러, 추리, 미스터리"
9791136758675,"공포, 스릴러, 추리, 미스터리"
9791136825100,판타지
9791136829009,로맨스
9791136829016,로맨스
9791136832283,로맨스
9791136832290,로맨스
9791138017107,판타지
9791138024358,판타지
9791138059084,SF
9791138063609,판타지
9791138400428,"추리, 미스터리"
9791138413251,"추리, 미스터리"
9791138483995,"공포, 스릴러, 추리, 미스터리"
9791138501262,로맨스
9791138501279,로맨스
9791138501286,로맨스
9791138501293,로맨스
9791138508766,"로맨스, 판타지"
9791138586238,로맨스
9791138586245,로맨스
9791138586252,로맨스
9791138586269,로맨스
9791138587143,판타지
9791138587150,판타지
9791138587167,판타지
9791138587174,판타지
9791138587853,로맨스
9791138587860,로맨스
9791138589413,로맨스
9791138589420,로맨스
9791138589437,로맨스
9791138589444,로맨스
9791139635171,판타지
9791139635188,판타지
9791139640533,판타지
9791139716832,"공포, 스릴러"
9791140410484,판타지
9791140410491,판타지
9791140469086,로맨스
9791140469093,로맨스
9791140477579,판타지
9791140477586,판타지
9791140477593,판타지
9791140477609,판타지
9791140477845,판타지
9791140805433,로맨스
9791140805440,로맨스
9791140814060,판타지
9791140814077,판타지
9791140814084,판타지
9791140814091,판타지
9791140814107,판타지
9791141017026,판타지
9791141120047,판타지
9791141512033,판타지
9791141512040,판타지
9791141512057,판타지
9791141512064,판타지
9791141600082,판타지
9791141606442,"추리, 미스터리"
9791141607265,"추리, 미스터리"
9791141607272,"추리, 미스터리"
9791141607289,"추리, 미스터리"
9791141919733,로맨스
9791141935542,SF
9791141938765,SF
9791141983147,"추리, 미스터리"
9791141993849,로맨스
9791142303821,"공포, 스릴러, 추리, 미스터리"
9791142311079,"추리, 미스터리"
9791155251546,SF
9791155640036,SF
9791155642016,로맨스
9791155816950,판타지
9791155816967,판타지
9791156754374,"공포, 스릴러"
9791156755227,"추리, 미스터리"
9791156756552,"공포, 스릴러"
9791156759195,SF
9791156759201,SF
9791156759690,판타지
9791156759843,SF
9791157107223,로맨스
9791157108718,로맨스
9791157327034,역사
9791157403592,SF
9791157403899,SF
9791157404438,"추리, 미스터리"
9791157404643,로맨스
9791157746095,판타지
9791157746361,판타지
9791157746378,판타지
9791157957699,역사
9791158103958,로맨스
9791158104061,로맨스
9791158105464,로맨스
9791158106300,로맨스
9791158106560,로맨스
9791158107475,로맨스
9791158251444,"추리, 미스터리"
9791158328115,판타지
9791158328139,판타지
9791158429669,로맨스
9791158453855,"로맨스, 판타지"
9791158489793,역사
9791158512590,"공포, 스릴러"
9791158560935,로맨스
9791158587666,역사
9791158587673,역사
9791158587970,역사
9791158587987,역사
9791158588007,역사
9791158790875,"추리, 미스터리"
9791158791179,"추리, 미스터리"
9791158791735,"추리, 미스터리"
9791158791797,"추리, 미스터리"
9791158791919,"추리, 미스터리"
9791158791926,"추리, 미스터리"
9791158791971,"추리, 미스터리"
9791158792022,"추리, 미스터리"
9791158792046,"추리, 미스터리"
9791158792084,"추리, 미스터리"
9791158792107,"추리, 미스터리"
9791158792152,"추리, 미스터리"
9791158792183,"공포, 스릴러"
9791158792206,"로맨스, 판타지"
9791158792213,"로맨스, 판타지"
9791158792367,"공포, 스릴러, 추리, 미스터리"
9791158880316,판타지
9791158880323,판타지
9791158880378,"추리, 미스터리"
9791158880729,"공포, 스릴러"
9791158881016,"로맨스, 판타지"
9791158881023,"로맨스, 판타지"
9791158881252,"추리, 미스터리"
9791158881269,"추리, 미스터리"
9791158881481,SF
9791158882402,SF
9791158882419,SF
9791158882440,SF
9791158882877,SF
9791158882907,SF
9791158882976,"추리, 미스터리"
9791158882983,"추리, 미스터리"
9791158883140,"공포, 스릴러"
9791158883737,로맨스
9791158883843,SF
9791158883966,판타지
9791158883973,판타지
9791158883980,판타지
9791158884628,SF
9791158884680,SF
9791158884697,판타지
9791158884703,판타지
9791158884826,판타지
9791158885250,로맨스
9791158885526,"추리, 미스터리"
9791158885663,판타지
9791158886356,"추리, 미스터리, 판타지"
9791158886394,SF
9791158886585,"추리, 미스터리"
9791158886837,SF
9791158887155,SF
9791158887162,SF
9791158887254,SF
9791158887544,SF
9791158887551,SF
9791158887568,SF
9791158887575,SF
9791158887582,SF
9791158887599,SF
9791158887605,SF
9791158888251,"공포, 스릴러, 추리, 미스터리"
9791158888701,"추리, 미스터리"
9791158888916,SF
9791158889609,SF
9791158889616,"추리, 미스터리"
9791158930950,"추리, 미스터리"
9791159058653,역사
9791159097720,"로맨스, 역사"
9791159255250,"SF, 추리, 미스터리"
9791159255502,SF
9791159258145,역사
9791159258152,역사
9791159258374,"추리, 미스터리"
9791159258442,SF
9791159258466,SF
9791159258848,"추리, 미스터리, 판타지"
9791159259258,"추리, 미스터리, 판타지"
9791159334757,판타지
9791159922497,SF
9791159922596,SF
9791159922602,SF
9791159922657,SF
9791159922992,SF
9791159923159,SF
9791159923227,SF
9791159923241,SF
9791159923296,SF
9791159923654,"추리, 미스터리"
9791159923678,SF
9791159923708,SF
9791159923777,SF
9791160073133,"추리, 미스터리"
9791160073522,"추리, 미스터리"
9791160075540,"추리, 미스터리"
9791160076141,"추리, 미스터리"
9791160076158,"추리, 미스터리"
9791160076172,"추리, 미스터리"
9791160076998,"추리, 미스터리"
9791160077414,"추리, 미스터리"
9791160077674,SF
9791160078107,"추리, 미스터리"
9791160078572,"추리, 미스터리"
9791160078596,"추리, 미스터리"
9791160079166,"추리, 미스터리"
9791160079180,"추리, 미스터리"
9791160201536,SF
9791160262605,"추리, 미스터리"
9791160263121,"추리, 미스터리"
9791160274509,로맨스
9791160274516,로맨스
9791160274684,로맨스
9791160408331,"공포, 스릴러, 추리, 미스터리"
9791160516654,SF
9791160517170,SF
9791160807868,"공포, 스릴러, 추리, 미스터리"
9791160807875,"추리, 미스터리"
9791160807882,"추리, 미스터리"
9791160807905,"추리, 미스터리"
9791160859232,판타지
9791160946895,SF
9791160949070,SF
9791160981704,판타지
9791160982855,로맨스
9791160982862,로맨스
9791161406466,로맨스
9791161406473,로맨스
9791161572109,"추리, 미스터리"
9791161693439,SF
9791161727295,역사
9791161758152,"SF, 판타지"
9791161951751,"추리, 미스터리"
9791161951843,"추리, 미스터리"
9791161952291,역사
9791162101049,SF
9791162680186,로맨스
9791162680193,로맨스
9791162680209,로맨스
9791162680216,로맨스
9791162686508,로맨스
9791163161479,역사
9791163161653,"추리, 미스터리"
9791163162360,"추리, 미스터리"
9791163163756,"추리, 미스터리"
9791163165026,"추리, 미스터리"
9791163165835,"추리, 미스터리"
9791163165941,"추리, 미스터리"
9791163166061,"추리, 미스터리"
9791163168492,SF
9791163169017,"SF, 추리, 미스터리"
9791163309215,로맨스
9791163898078,"추리, 미스터리"
9791164050277,SF
9791164050710,SF
9791164051847,"추리, 미스터리"
9791164052011,SF
9791164052455,SF
9791164052554,"역사, 추리, 미스터리"
9791164052592,"역사, 추리, 미스터리"
9791164052837,"역사, 추리, 미스터리"
9791164135981,판타지
9791164137077,판타지
9791164137084,판타지
9791164161508,"추리, 미스터리"
9791164161515,"추리, 미스터리"
9791164161522,"추리, 미스터리"
9791164161683,판타지
9791164161867,"추리, 미스터리"
9791164162192,"공포, 스릴러, 추리, 미스터리"
9791164241811,판타지
9791164242962,판타지
9791164245901,판타지
9791164283781,로맨스
9791164283798,로맨스
9791164284702,로맨스
9791164286133,로맨스
9791164452552,"추리, 미스터리"
9791164452569,"추리, 미스터리"
9791164452576,"추리, 미스터리"
9791164452583,"추리, 미스터리"
9791164790234,로맨스
9791164790289,로맨스
9791164790524,로맨스
9791164790647,로맨스
9791164790654,로맨스
9791164790678,로맨스
9791164790685,로맨스
9791164791156,로맨스
9791164792092,로맨스
9791164792580,로맨스
9791164792931,로맨스
9791164793907,로맨스
9791164795543,로맨스
9791164796274,로맨스
9791164797387,로맨스
9791164797707,"공포, 스릴러, 추리, 미스터리"
9791164798728,"공포, 스릴러, 추리, 미스터리"
9791164798926,판타지
9791164799534,로맨스
9791165071011,"추리, 미스터리"
9791165077259,"추리, 미스터리"
9791165094133,로맨스
9791165094140,로맨스
9791165094157,로맨스
9791165094164,로맨스
9791165247560,판타지
9791165341909,판타지
9791165343729,판타지
9791165344337,로맨스
9791165345839,"추리, 미스터리"
9791165346614,"추리, 미스터리"
9791165346843,"추리, 미스터리"
9791165346850,"추리, 미스터리"
9791165347123,로맨스
9791165347543,로맨스
9791165347550,로맨스
9791165347567,로맨스
9791165348144,SF
9791165348328,"로맨스, 판타지"
9791165508845,SF
9791165508869,SF
9791165508876,SF
9791165508937,SF
9791165651862,로맨스
9791165654917,로맨스
9791165655785,로맨스
9791165655792,로맨스
9791165655808,로맨스
9791165701796,SF
9791165791438,"추리, 미스터리"
9791165793203,SF
9791165796020,SF
9791165796860,"추리, 미스터리"
9791165797102,"추리, 미스터리"
9791165798246,SF
9791166321412,로맨스
9791166400377,로맨스
9791166686160,SF
9791166686603,SF
9791166686634,SF
9791166686955,SF
9791166687075,SF
9791166687150,SF
9791166687204,SF
9791166687211,SF
9791166687303,SF
9791166687372,SF
9791166687525,SF
9791166687730,SF
9791166687983,SF
9791166688058,SF
9791166688522,SF
9791166688577,SF
9791166688614,SF
9791166688706,SF
9791166688713,SF
9791166836008,"공포, 스릴러, 추리, 미스터리"
9791166836114,"추리, 미스터리"
9791166839320,"추리, 미스터리"
9791167030191,역사
9791167131737,로맨스
9791167138590,로맨스
9791167180711,판타지
9791167181053,판타지
9791167181763,판타지
9791167182333,로맨스
9791167182715,판타지
9791167183613,로맨스
9791167184177,판타지
9791167184405,판타지
9791167281876,로맨스
9791167285393,로맨스
9791167286260,로맨스
9791167374820,"추리, 미스터리"
9791167374837,"추리, 미스터리"
9791167375070,"추리, 미스터리"
9791167520654,"추리, 미스터리"
9791167525864,"추리, 미스터리"
9791167790903,로맨스
9791167790910,로맨스
9791167792259,로맨스
9791167792266,로맨스
9791167792273,로맨스
9791167792280,로맨스
9791167793478,로맨스
9791167793508,로맨스
9791167793881,로맨스
9791167793973,로맨스
9791167794949,로맨스
9791167794956,로맨스
9791167900227,SF
9791167900241,SF
9791167900821,SF
9791167901323,"추리, 미스터리"
9791167901347,SF
9791167901965,"추리, 미스터리"
9791167901996,"추리, 미스터리"
9791167902580,"추리, 미스터리"
9791167902962,"추리, 미스터리"
9791167902979,"추리, 미스터리"
9791167903006,SF
9791167903068,"추리, 미스터리"
9791168122147,로맨스
9791168122154,로맨스
9791168123014,로맨스
9791168123151,"추리, 미스터리"
9791168126121,"추리, 미스터리"
9791168127470,SF
9791168340947,SF
9791168341197,SF
9791168341227,"추리, 미스터리"
9791168341432,SF
9791168341630,SF
9791168341906,판타지
9791168342569,SF
9791168342590,"추리, 미스터리"
9791168342613,SF
9791168342712,SF
9791168342880,SF
9791168342958,SF
9791168415737,로맨스
9791168416758,"공포, 스릴러"
9791168416765,"공포, 스릴러"
9791168416772,"공포, 스릴러"
9791168477865,SF
9791168827882,로맨스
9791169092586,"추리, 미스터리"
9791169256186,SF
9791169256193,SF
9791169256209,SF
9791169256216,SF
9791169256223,SF
9791169256230,SF
9791169258524,"공포, 스릴러, 추리, 미스터리"
9791169448550,"추리, 미스터리"
9791169448697,"추리, 미스터리"
9791169471718,"추리, 미스터리"
9791169632522,로맨스
9791169680004,로맨스
9791170334477,로맨스
9791170337751,"로맨스, 판타지"
9791170337768,"로맨스, 판타지"
9791170339281,로맨스
9791170400981,SF
9791170400998,SF
9791170401001,SF
9791170401018,SF
9791170401049,SF
9791170401056,SF
9791170401063,SF
9791170401070,SF
9791170401087,SF
9791170401094,SF
9791170402480,SF
9791170520634,판타지
9791170520740,"추리, 미스터리"
9791170521679,SF
9791170521730,SF
9791170521969,"추리, 미스터리"
9791170522386,"SF, 로맨스, 추리, 미스터리"
9791170522454,"로맨스, 추리, 미스터리"
9791170522737,SF
9791170522867,"SF, 추리, 미스터리"
9791170523147,판타지
9791170523376,SF
9791170523383,SF
9791170523550,"공포, 스릴러, 추리, 미스터리, 판타지"
9791170523673,SF
9791170523802,"추리, 미스터리"
9791170523918,SF
9791170524045,SF
9791170524342,"추리, 미스터리"
9791170524373,"추리, 미스터리"
9791170525295,SF
9791170525608,"SF, 역사"
9791170610106,SF
9791170610120,SF
9791170610168,"추리, 미스터리"
9791170610175,SF
9791170610182,"추리, 미스터리"
9791170610984,"추리, 미스터리"
9791170611028,"추리, 미스터리"
9791170611127,SF
9791170611509,"추리, 미스터리"
9791170611523,로맨스
9791170611561,"추리, 미스터리"
9791170611639,로맨스
9791170611844,로맨스
9791170611967,"추리, 미스터리"
9791170612049,로맨스
9791170612131,로맨스
9791170612216,로맨스
9791170612339,"추리, 미스터리"
9791170612377,로맨스
9791170612391,SF
9791170624059,판타지
9791170800002,역사
9791170800187,역사
9791170800408,역사
9791170800460,역사
9791170800477,"공포, 스릴러, 역사"
9791170800583,역사
9791170800644,역사
9791170950912,"추리, 미스터리"
9791170960447,"추리, 미스터리"
9791170960461,"추리, 미스터리"
9791170960546,로맨스
9791170960706,"공포, 스릴러, 추리, 미스터리"
9791170961758,로맨스
9791170962199,"추리, 미스터리"
9791170963646,로맨스
9791170964469,"추리, 미스터리"
9791171171293,판타지
9791171171309,판타지
9791171176878,판타지
9791171177035,판타지
9791171177042,판타지
9791171177066,판타지
9791171211333,"추리, 미스터리"
9791171211791,"추리, 미스터리"
9791171240593,"추리, 미스터리"
9791171250172,"추리, 미스터리"
9791171250387,판타지
9791171251346,"공포, 스릴러, 추리, 미스터리"
9791171253333,"추리, 미스터리"
9791171257515,"로맨스, 추리, 미스터리"
9791171257522,"추리, 미스터리"
9791171258284,"추리, 미스터리"
9791171711987,"추리, 미스터리"
9791171712335,역사
9791171713608,"추리, 미스터리"
9791171713851,"추리, 미스터리"
9791172130664,"추리, 미스터리"
9791172132217,"공포, 스릴러, 추리, 미스터리"
9791172241599,"추리, 미스터리"
9791172540173,"공포, 스릴러, 추리, 미스터리"
9791172740375,역사
9791173003127,판타지
9791173003134,판타지
9791173321641,판타지
9791173350443,SF
9791173570049,판타지
9791173570063,판타지
9791173570070,판타지
9791185014395,"추리, 미스터리"
9791185014449,"추리, 미스터리"
9791185014456,"추리, 미스터리"
9791185014906,"추리, 미스터리"
9791185051062,"추리, 미스터리"
9791185051581,"추리, 미스터리"
9791185051598,"추리, 미스터리"
9791185051826,"추리, 미스터리"
9791185190006,"추리, 미스터리"
9791185346120,로맨스
9791185346441,역사
9791185370569,역사
9791185370576,역사
9791185474267,역사
9791185546117,"추리, 미스터리"
9791185546254,"추리, 미스터리"
9791185546261,"추리, 미스터리"
9791185546278,"추리, 미스터리"
9791185546445,"추리, 미스터리"
9791185546568,"공포, 스릴러, 추리, 미스터리"
9791185546575,"추리, 미스터리"
9791185546735,"추리, 미스터리"
9791185546780,"추리, 미스터리"
9791185585819,SF
9791185711423,로맨스
9791185851075,"추리, 미스터리"
9791185851204,"공포, 스릴러"
9791185851297,로맨스
9791185851310,"추리, 미스터리"
9791186142356,"추리, 미스터리"
9791186151693,"추리, 미스터리"
9791186589267,역사
9791186590102,판타지
9791186634622,역사
9791186634639,역사
9791186748916,로맨스
9791187011750,"추리, 미스터리"
9791187011767,"추리, 미스터리"
9791187036753,"추리, 미스터리"
9791187206200,SF
9791187206347,SF
9791187206446,SF
9791187206590,SF
9791187206606,SF
9791187206613,SF
9791187206675,SF
9791187206866,SF
9791187886440,SF
9791187886600,SF
9791188053810,판타지
9791188140244,SF
9791188140299,SF
9791188140633,"추리, 미스터리"
9791188260003,판타지
9791188260010,판타지
9791188502172,SF
9791188547265,SF
9791188660001,SF
9791188660070,SF
9791188810451,판타지
9791188810468,판타지
9791188895359,로맨스
9791189015190,SF
9791189099138,SF
9791189143084,"추리, 미스터리"
9791189178437,"추리, 미스터리"
9791189178529,"추리, 미스터리"
9791189433710,SF
9791189450786,판타지
9791189450793,판타지
9791189564360,판타지
9791189571023,"추리, 미스터리"
9791189571061,"추리, 미스터리"
9791189571078,"추리, 미스터리"
9791189571160,"추리, 미스터리"
9791189571184,"추리, 미스터리"
9791189571276,"추리, 미스터리"
9791189571290,"추리, 미스터리"
9791189571351,"추리, 미스터리"
9791189571368,"추리, 미스터리"
9791189571429,"추리, 미스터리"
9791189571542,"추리, 미스터리"
9791189571566,"추리, 미스터리"
9791189571627,"추리, 미스터리"
9791189571665,"추리, 미스터리"
9791189571702,"추리, 미스터리"
9791189571726,"추리, 미스터리"
9791189571740,"추리, 미스터리"
9791189571764,"추리, 미스터리"
9791189571788,"추리, 미스터리"
9791189571863,"추리, 미스터리"
9791189571870,"추리, 미스터리"
9791189571894,"추리, 미스터리"
9791189571993,"추리, 미스터리"
9791189701062,판타지
9791189770235,"추리, 미스터리"
9791189770280,"추리, 미스터리"
9791189770358,"추리, 미스터리"
9791189770532,"추리, 미스터리"
9791189770617,"추리, 미스터리"
9791189836504,"SF, 판타지"
9791189852122,SF
9791189852207,SF
9791189982034,판타지
9791189982041,판타지
9791189982324,판타지
9791189982331,판타지
9791190090018,SF
9791190090056,SF
9791190090193,SF
9791190090261,SF
9791190090407,SF
9791190090476,SF
9791190090575,SF
9791190090643,SF
9791190090674,SF
9791190090698,SF
9791190090711,SF
9791190090780,SF
9791190090834,SF
9791190090896,SF
9791190090964,SF
9791190157278,"공포, 스릴러"
9791190157346,"추리, 미스터리"
9791190157384,"추리, 미스터리"
9791190157391,"추리, 미스터리"
9791190157407,"추리, 미스터리"
9791190157452,"공포, 스릴러, 추리, 미스터리"
9791190157513,"공포, 스릴러"
9791190157537,"추리, 미스터리"
9791190157544,"추리, 미스터리"
9791190157551,"공포, 스릴러"
9791190157728,"추리, 미스터리"
9791190157780,"추리, 미스터리"
9791190157803,"추리, 미스터리"
9791190174671,SF
9791190174756,"공포, 스릴러, 추리, 미스터리, 판타지"
9791190174909,SF
9791190174954,SF
9791190182157,로맨스
9791190182164,로맨스
9791190182171,로맨스
9791190187350,"추리, 미스터리"
9791190254335,SF
9791190379779,로맨스
9791190379786,로맨스
9791190394079,SF
9791190427104,로맨스
9791190427111,로맨스
9791190427135,로맨스
9791190427142,로맨스
9791190427159,로맨스
9791190473897,역사
9791190473903,역사
9791190489041,"추리, 미스터리"
9791190489911,"추리, 미스터리"
9791190492898,판타지
9791190492904,판타지
9791190492911,판타지
9791190538039,SF
9791190582483,"추리, 미스터리"
9791190594035,로맨스
9791190626262,역사
9791190652001,SF
9791190749053,"공포, 스릴러, 추리, 미스터리"
9791190784092,"추리, 미스터리"
9791190872591,로맨스
9791190885218,SF
9791190885270,SF
9791190885706,"추리, 미스터리"
9791190885928,"추리, 미스터리"
9791190885942,SF
9791190946292,역사
9791190974486,"추리, 미스터리"
9791190991117,역사
9791191029055,"추리, 미스터리"
9791191029406,"SF, 추리, 미스터리"
9791191029437,"추리, 미스터리"
9791191029628,"추리, 미스터리"
9791191043419,"추리, 미스터리"
9791191043617,"추리, 미스터리"
9791191043754,판타지
9791191061048,역사
9791191061987,판타지
9791191071016,"추리, 미스터리"
9791191122039,"추리, 미스터리"
9791191193053,SF
9791191193091,SF
9791191193114,"로맨스, 판타지"
9791191193152,"추리, 미스터리"
9791191193237,"공포, 스릴러"
9791191193251,"추리, 미스터리"
9791191193299,"추리, 미스터리"
9791191193350,SF
9791191193404,SF
9791191193411,SF
9791191193428,SF
9791191193534,"추리, 미스터리"
9791191193572,"추리, 미스터리"
9791191193664,판타지
9791191193695,"공포, 스릴러"
9791191193718,"추리, 미스터리"
9791191193732,"추리, 미스터리"
9791191197433,SF
9791191197464,SF
9791191212402,판타지
9791191212419,판타지
9791191212426,판타지
9791191212433,판타지
9791191247190,SF
9791191247466,SF
9791191253313,"추리, 미스터리"
9791191284553,판타지
9791191284560,판타지
9791191587524,SF
9791191803082,"추리, 미스터리"
9791191803150,"추리, 미스터리"
9791191803242,"추리, 미스터리"
9791191803358,"추리, 미스터리"
9791191803426,"추리, 미스터리"
9791191824001,SF
9791191824216,SF
9791191824223,SF
9791191824391,로맨스
9791191841336,"추리, 미스터리, 판타지"
9791191842432,"SF, 추리, 미스터리, 판타지"
9791191842517,"추리, 미스터리, 판타지"
9791191861129,판타지
9791191861327,판타지
9791191861334,판타지
9791191879162,"추리, 미스터리"
9791191942279,"추리, 미스터리"
9791191942439,"추리, 미스터리"
9791191956450,로맨스
9791192085241,SF
9791192313108,"추리, 미스터리"
9791192313290,"추리, 미스터리"
9791192313320,"추리, 미스터리"
9791192313412,"추리, 미스터리"
9791192313450,"추리, 미스터리"
9791192313559,"공포, 스릴러, 추리, 미스터리"
9791192313573,"추리, 미스터리"
9791192313634,"추리, 미스터리"
9791192385198,"추리, 미스터리"
9791192483146,"추리, 미스터리"
9791192483191,"추리, 미스터리"
9791192483207,"추리, 미스터리"
9791192483238,"추리, 미스터리"
9791192488424,"추리, 미스터리"
9791192509327,"추리, 미스터리"
9791192579047,"추리, 미스터리"
9791192579061,"추리, 미스터리"
9791192579153,로맨스
9791192579160,로맨스
9791192579313,"추리, 미스터리"
9791192579450,로맨스
9791192579535,"추리, 미스터리"
9791192579566,"추리, 미스터리"
9791192579573,로맨스
9791192579689,판타지
9791192579702,판타지
9791192579818,"공포, 스릴러, 추리, 미스터리"
9791192591056,로맨스
9791192591063,로맨스
9791192591070,로맨스
9791192603360,로맨스
9791192603490,SF
9791192603582,판타지
9791192617633,"추리, 미스터리"
9791192625652,판타지
9791192684000,역사
9791192684192,역사
9791192684239,"추리, 미스터리"
9791192684482,역사
9791192738178,"SF, 판타지"
9791192738192,"추리, 미스터리"
9791192738208,"추리, 미스터리"
9791192738277,"추리, 미스터리"
9791192738352,"추리, 미스터리"
9791192738406,"추리, 미스터리"
9791192738482,"공포, 스릴러, 추리, 미스터리"
9791192738543,"추리, 미스터리"
9791192776002,판타지
9791192776019,판타지
9791192776064,판타지
9791192776132,판타지
9791192776163,판타지
9791192776170,판타지
9791192776194,판타지
9791192776224,판타지
9791192776231,판타지
9791192776262,판타지
9791192776286,판타지
9791192776293,판타지
9791192776323,판타지
9791192776408,판타지
9791192776491,판타지
9791192776507,판타지
9791192776514,판타지
9791192776521,판타지
9791192776606,"추리, 미스터리"
9791192776620,판타지
9791192776637,판타지
9791193001462,"추리, 미스터리"
9791193024126,SF
9791193024140,"공포, 스릴러, 추리, 미스터리"
9791193024225,"추리, 미스터리"
9791193024300,"로맨스, 판타지"
9791193024423,판타지
9791193024447,SF
9791193024485,SF
9791193024522,"추리, 미스터리"
9791193024713,SF
9791193024737,"추리, 미스터리"
9791193024782,"공포, 스릴러, 추리, 미스터리, 판타지"
9791193024843,판타지
9791193024867,판타지
9791193024928,로맨스
9791193024973,"추리, 미스터리, 판타지"
9791193031018,판타지
9791193031360,판타지
9791193078006,SF
9791193078020,SF
9791193078068,SF
9791193078211,SF
9791193078235,SF
9791193078259,"SF, 추리, 미스터리"
9791193078341,SF
9791193078358,SF
9791193078396,SF
9791193128084,판타지
9791193149034,"추리, 미스터리"
9791193149065,"추리, 미스터리"
9791193149140,"추리, 미스터리"
9791193149201,"추리, 미스터리"
9791193149218,"추리, 미스터리"
9791193149232,"추리, 미스터리"
9791193149256,"추리, 미스터리"
9791193149386,"추리, 미스터리"
9791193149393,"추리, 미스터리"
9791193149409,"추리, 미스터리"
9791193149416,"추리, 미스터리"
9791193149461,"추리, 미스터리"
9791193185186,로맨스
9791193185377,로맨스
9791193185384,로맨스
9791193185391,로맨스
9791193185407,로맨스
9791193185414,로맨스
9791193185872,로맨스
9791193185889,로맨스
9791193190036,판타지
9791193190210,"추리, 미스터리"
9791193190296,"추리, 미스터리, 판타지"
9791193190326,"추리, 미스터리"
9791193190364,"공포, 스릴러, 추리, 미스터리"
9791193235263,판타지
9791193262184,"추리, 미스터리"
9791193262214,로맨스
9791193264904,"추리, 미스터리"
9791193282007,로맨스
9791193282526,역사
9791193324004,"추리, 미스터리"
9791193324066,"추리, 미스터리"
9791193324295,판타지
9791193324318,"공포, 스릴러, 추리, 미스터리"
9791193324325,"추리, 미스터리"
9791193324486,"공포, 스릴러"
9791193324509,"추리, 미스터리"
9791193358023,로맨스
9791193358092,판타지
9791193358146,로맨스
9791193358177,로맨스
9791193358245,로맨스
9791193358689,로맨스
9791193358801,판타지
9791193358825,로맨스
9791193358870,로맨스
9791193367094,SF
9791193367100,SF
9791193540275,판타지
9791193551202,"추리, 미스터리"
9791193551257,로맨스
9791193551349,"역사, 판타지"
9791193591185,"SF, 판타지"
9791193646014,SF
9791193790083,"추리, 미스터리"
9791193790397,판타지
9791193790403,판타지
9791193790410,판타지
9791193790427,판타지
9791193790434,판타지
9791193790441,판타지
9791193790458,판타지
9791193790465,판타지
9791193790472,판타지
9791193790489,판타지
9791193790496,판타지
9791193790502,판타지
9791193790519,판타지
9791193790526,판타지
9791193790533,판타지
9791193790540,판타지
9791193790557,판타지
9791193790564,판타지
9791193790571,판타지
9791193790588,판타지
9791193790595,판타지
9791193790601,판타지
9791193790618,판타지
9791193790625,판타지
9791193790632,판타지
9791193790656,판타지
9791193790663,판타지
9791193790670,판타지
9791193790687,판타지
9791193790694,판타지
9791193790700,판타지
9791193790717,판타지
9791193790724,판타지
9791193790731,판타지
9791193790748,판타지
9791193790755,판타지
9791193790762,"추리, 미스터리"
9791193790847,판타지
9791193790854,판타지
9791193790861,판타지
9791193790939,판타지
9791193790946,판타지
9791193813331,판타지
9791193813348,판타지
9791193813355,판타지
9791193813362,판타지
9791193813379,판타지
9791193873045,SF
9791193873076,판타지
9791193914526,판타지
9791194127086,"추리, 미스터리"
9791194131274,로맨스
9791194131281,로맨스
9791194192114,"추리, 미스터리, 판타지"
9791194202011,"추리, 미스터리"
9791194222040,판타지
9791194246442,판타지
9791194293026,SF
9791194293286,SF
9791194293705,로맨스
9791194330134,"추리, 미스터리"
9791194330486,"추리, 미스터리"
9791194330721,판타지
9791194643197,"추리, 미스터리"
9791194654063,"공포, 스릴러"
9791194654346,"공포, 스릴러, 추리, 미스터리"
9791194654469,"공포, 스릴러"
9791194654476,"공포, 스릴러"
9791194654797,"공포, 스릴러, 추리, 미스터리"
9791194654803,"공포, 스릴러, 추리, 미스터리"
9791194654810,"공포, 스릴러, 추리, 미스터리"
9791194654827,"공포, 스릴러, 추리, 미스터리"
9791194654834,"공포, 스릴러, 추리, 미스터리"
9791194654841,"공포, 스릴러, 추리, 미스터리"
9791194654858,"공포, 스릴러, 추리, 미스터리"
9791194654865,"공포, 스릴러, 추리, 미스터리"
9791194654872,"공포, 스릴러, 추리, 미스터리"
9791194654889,"공포, 스릴러, 추리, 미스터리"
9791194654896,"공포, 스릴러, 추리, 미스터리"
9791194654902,"공포, 스릴러, 추리, 미스터리"
9791194654919,"공포, 스릴러, 추리, 미스터리"
9791194654926,"공포, 스릴러, 추리, 미스터리"
9791194654933,"공포, 스릴러, 추리, 미스터리"
9791194654971,로맨스
9791195651474,역사
9791195657353,"추리, 미스터리"
9791195657377,"추리, 미스터리"
9791195657384,"추리, 미스터리"
9791195657391,"추리, 미스터리"
9791195704866,"추리, 미스터리"
9791195704897,"추리, 미스터리"
9791195913862,로맨스
9791195913886,"로맨스, 판타지"
9791195970087,판타지
9791195970094,판타지
9791196090227,SF
9791196123482,"추리, 미스터리"
9791196184360,"추리, 미스터리"
9791196347024,SF
9791196347031,SF
9791196347048,"추리, 미스터리"
9791196580681,판타지
9791196679316,로맨스
9791196756949,"공포, 스릴러"
9791196791018,"추리, 미스터리"
9791196791025,"추리, 미스터리"
9791196814342,"추리, 미스터리"
9791196914806,SF
9791196925154,판타지
9791197038747,"추리, 미스터리"
9791197038754,"추리, 미스터리"
9791197048296,로맨스
9791197055706,판타지
9791197063213,역사
9791197063220,역사
9791197063237,역사
9791197063244,역사
9791197063251,역사
9791197063268,역사
9791197063275,역사
9791197077487,"추리, 미스터리"
9791197103209,"추리, 미스터리"
9791197103230,"추리, 미스터리"
9791197103254,"추리, 미스터리"
9791197163302,판타지
9791197224263,"추리, 미스터리"
9791197338618,역사
9791197550911,"추리, 미스터리"
9791197550959,"추리, 미스터리"
9791197708503,"추리, 미스터리"
9791197708565,"추리, 미스터리"
9791197708572,"공포, 스릴러, 추리, 미스터리"
9791197708589,"역사, 추리, 미스터리"
9791197915949,판타지
9791197915956,판타지
9791197915963,판타지
9791197915970,판타지
9791197915987,판타지
9791197993466,판타지
9791197993480,"추리, 미스터리"
9791198161017,역사
9791198176561,SF
9791198183002,"추리, 미스터리"
9791198183071,"공포, 스릴러, 추리, 미스터리"
9791198268044,로맨스
9791198288202,판타지
9791198288219,판타지
9791198288226,"추리, 미스터리"
9791198298843,로맨스
9791198325457,"추리, 미스터리"
9791198347640,SF
9791198385963,"추리, 미스터리"
9791198385970,"추리, 미스터리"
9791198509406,역사
9791198633811,SF
9791198675309,로맨스
9791198675323,로맨스
9791198675347,로맨스
9791198809902,로맨스
9791198809995,판타지
9791199024601,"추리, 미스터리"
9791199138902,"추리, 미스터리"
9791199175204,"추리, 미스터리"
9791199235502,SF
9791199242500,"추리, 미스터리"
